filename	name	ner	type
אין צדק בעולם.txt	ג'אבר אוסמן	הלכתי הרחוב	LOC
מדינה זונה.txt	ג'אמוס	ה י	LOC
מדינה זונה.txt	ג'אמוס	שבו האשה מוצצת.....ולא!	LOC
המילים של אריק.txt	ג'ה-נוס	ארץ ישראל	LOC
ברצלונה.txt	ג'ו עמר	ברצלונה ברצלונה	LOC
ברצלונה.txt	ג'ו עמר	ברצלונה ברצלונה	LOC
ברצלונה.txt	ג'ו עמר	ברצלונה	LOC
ברצלונה.txt	ג'ו עמר	ברצלונה ברצלונה	LOC
ברצלונה.txt	ג'ו עמר	ברצלונה ברצלונה	LOC
הריני שר.txt	ג'ו עמר	אביב	LOC
ושמרו בני ישראל.txt	ג'ו עמר	שמרו בני ישראל	LOC
ושמרו בני ישראל.txt	ג'ו עמר	ישראל	LOC
ושמרו בני ישראל.txt	ג'ו עמר	שמרו בני ישראל	LOC
ושמרו בני ישראל.txt	ג'ו עמר	ישראל	LOC
ללא כוכב.txt	ג'ו עמר	נשר	LOC
שיר השיכור.txt	ג'ו עמר	עד	LOC
שיר השיכור.txt	ג'ו עמר	עד	LOC
בוסטון.txt	ג'ודי ענתבי	אל בוסטון	LOC
בתוך החדרים.txt	ג'ודי ענתבי	פרו	LOC
אחכה לך.txt	ג'וזי כץ	אדום	LOC
בובה זהבה.txt	ג'וזי כץ	אבא	LOC
בת הרב ואימה.txt	ג'וזי כץ	ישראל	LOC
בת הרב ואימה.txt	ג'וזי כץ	המצור	LOC
החייל של אתמול.txt	ג'וזי כץ	אתמול	LOC
החייל של אתמול.txt	ג'וזי כץ	רם	LOC
זמר נוגה.txt	ג'וזי כץ	לָעַד	LOC
מישהו תמיד.txt	ג'וזי כץ	תמיד	LOC
מישהו תמיד.txt	ג'וזי כץ	תמיד	LOC
תני לי להחליט.txt	ג'וזי כץ	כבר	LOC
נתאחד הללויה.txt	ג'ולי עידן לוי	י	LOC
אתה לא רומיאו.txt	ג'ולייטה	ג'ולייטה	LOC
בהאחזות הנחל בסיני.txt	ג'ולייטה	סיני	LOC
בהאחזות הנחל בסיני.txt	ג'ולייטה	סיני	LOC
בהאחזות הנחל בסיני.txt	ג'ולייטה	סיני	LOC
בהאחזות הנחל בסיני.txt	ג'ולייטה	בחוץ'	LOC
בהאחזות הנחל בסיני.txt	ג'ולייטה	סיני	LOC
בהאחזות הנחל בסיני.txt	ג'ולייטה	סיני	LOC
בהאחזות הנחל בסיני.txt	ג'ולייטה	ארץ ישראל	LOC
בהאחזות הנחל בסיני.txt	ג'ולייטה	ארץ ישראל	LOC
בהאחזות הנחל בסיני.txt	ג'ולייטה	סיני	LOC
בהאחזות הנחל בסיני.txt	ג'ולייטה	סיני	LOC
בוא בוא בוא.txt	ג'ולייטה	הרחוב	LOC
בוא בוא בוא.txt	ג'ולייטה	הגלגל	LOC
דרמה.txt	ג'ולייטה	פריז אירופה	LOC
ירושלים של זהב.txt	ג'ולייטה	ירושלים	LOC
ירושלים של זהב.txt	ג'ולייטה	ירושלים	LOC
ירושלים של זהב.txt	ג'ולייטה	הר הבית	LOC
ירושלים של זהב.txt	ג'ולייטה	יריחו	LOC
ירושלים של זהב.txt	ג'ולייטה	ירושלים	LOC
ירושלים של זהב.txt	ג'ולייטה	ירושלים	LOC
ירושלים של זהב.txt	ג'ולייטה	ירושלים	LOC
ירושלים של זהב.txt	ג'ולייטה	קורא הר הבית	LOC
ירושלים של זהב.txt	ג'ולייטה	יריחו	LOC
ירושלים של זהב.txt	ג'ולייטה	ירושלים	LOC
לא יודע כלום על אהבה.txt	ג'ולייטה	ארגנטינה	LOC
לא יודע כלום על אהבה.txt	ג'ולייטה	ארגנטינה	LOC
מלכה גדולה.txt	ג'ולייטה	זוהר	LOC
נכנעת לאהבתך.txt	ג'ולייטה	שבת	LOC
רק שיהיה ברור.txt	ג'ון סטון	עם	LOC
רק שיהיה ברור.txt	ג'ון סטון	לעשות לייק	LOC
הבלון שלה.txt	ג'וני	לשעבר	LOC
זוג יונים.txt	ג'וני שועלי	פראג	LOC
כבר החורף.txt	ג'וני שועלי	שוב	LOC
ערבית.txt	ג'וני שועלי	דינרי	LOC
צעיר חופשי ואנוכי.txt	ג'וני שועלי	ת'מטלות	LOC
נשקיני.txt	ג'ורג' בר	אמציני	LOC
נשקיני.txt	ג'ורג' בר	גן - עדן פתחי	LOC
תגידי שלי.txt	ג'ורג' בר	פריס	LOC
תגידי שלי.txt	ג'ורג' בר	ניו יורק	LOC
אני חדש בארץ.txt	ג'טה לוקה	ארץזאת	LOC
ירושלים של זהב.txt	ג'ימי לויד	ירושלים	LOC
ירושלים של זהב.txt	ג'ימי לויד	ירושלים	LOC
ירושלים של זהב.txt	ג'ימי לויד	הר הבית	LOC
ירושלים של זהב.txt	ג'ימי לויד	יריחו	LOC
ירושלים של זהב.txt	ג'ימי לויד	ירושלים	LOC
ירושלים של זהב.txt	ג'ימי לויד	ירושלים	LOC
ירושלים של זהב.txt	ג'ימי לויד	ירושלים	LOC
ירושלים של זהב.txt	ג'ימי לויד	קורא הר הבית	LOC
ירושלים של זהב.txt	ג'ימי לויד	יריחו	LOC
ירושלים של זהב.txt	ג'ימי לויד	ירושלים	LOC
אלנבי שבעים ותשע.txt	ג'ינג'יות	נכנס בניין	LOC
מלפפונים.txt	ג'ינג'יות	תקוע	LOC
ג'ינה.txt	ג'ינה סנאפ	ה	LOC
ג'ינה.txt	ג'ינה סנאפ	רחוב	LOC
אין כניסה לפילים.txt	ג'ירפות	הודו	LOC
אין כניסה לפילים.txt	ג'ירפות	כרכור	LOC
ויכוח.txt	ג'ירפות	אללה	LOC
ויכוח.txt	ג'ירפות	אללה	LOC
זזה.txt	ג'ירפות	קדימה	LOC
זזה.txt	ג'ירפות	אחורה	LOC
חופשה בהוואי.txt	ג'ירפות	בהוואי	LOC
חופשה בהוואי.txt	ג'ירפות	בהוואי	LOC
ירדה בו בול בו במועד.txt	ג'ירפות	הוד	LOC
ירדה בו בול בו במועד.txt	ג'ירפות	עד	LOC
רמי מואשם באחזקת סמים קלים.txt	ג'ירפות	.	LOC
רמי מואשם באחזקת סמים קלים.txt	ג'ירפות	סיני	LOC
רמי מואשם באחזקת סמים קלים.txt	ג'ירפות	י	LOC
רמי מואשם באחזקת סמים קלים.txt	ג'ירפות	י	LOC
רמי מואשם באחזקת סמים קלים.txt	ג'ירפות	במבה	LOC
שבע ארבע שבע.txt	ג'ירפות	ארגנטינה	LOC
שיטין.txt	ג'ירפות	בוהמיה	LOC
שיטין.txt	ג'ירפות	לראות מושב ה	LOC
שיטין.txt	ג'ירפות	בוהמיה	LOC
מאה שקל אחרונים.txt	ג'נגו	הרצליה	LOC
צועקים ברחוב.txt	ג'נגו	צועקים הרחוב	LOC
שיר דרך.txt	ג'נגו	, כפר ערבי	LOC
שחקו נא טף שלי.txt	ג'ני לוביץ'	אל	LOC
גשם.txt	ג'קו אייזנברג	כביש אספלט	LOC
השרב נשבר.txt	ג'קו אייזנברג	עדן	LOC
נרדם על החולות.txt	ג'קו אייזנברג	קדימה	LOC
צורח.txt	ג'קו אייזנברג	בלבד	LOC
צורח.txt	ג'קו אייזנברג	כיוון	LOC
צורח.txt	ג'קו אייזנברג	כיוון	LOC
קסם.txt	ג'קו אייזנברג	כמעט	LOC
שר שר.txt	ג'קו אייזנברג	מכאן	LOC
תזרוק את הכל.txt	ג'קו אייזנברג	אחת שאול	LOC
מהשמיים.txt	ג'קי אליהו	מכה	LOC
שיר המנון למכבי תל אביב.txt	ג'קי אלקיים	אירופה	LOC
יושב בבר בסלוניקי.txt	ג'קי ברזל	יושב	LOC
יושב בבר בסלוניקי.txt	ג'קי ברזל	סלוניקי	LOC
יושב בבר בסלוניקי.txt	ג'קי ברזל	יושב	LOC
יושב בבר בסלוניקי.txt	ג'קי ברזל	סלוניקי	LOC
אנ'לא יודע למה.txt	ג'קי טולדו	מוצא	LOC
פרידה.txt	ג'קי טולדו	לב	LOC
אני אוהב אותך ביתר.txt	ג'קי מייקה	הר	LOC
גלדיולה.txt	ג'קי מייקה	הים	LOC
גלדיולה.txt	ג'קי מייקה	, מכה	LOC
גלדיולה.txt	ג'קי מייקה	שוב	LOC
ירושלים של זהב.txt	ג'קי מייקה	ירושלים	LOC
ירושלים של זהב.txt	ג'קי מייקה	ירושלים	LOC
ירושלים של זהב.txt	ג'קי מייקה	הר הבית	LOC
ירושלים של זהב.txt	ג'קי מייקה	יריחו	LOC
ירושלים של זהב.txt	ג'קי מייקה	ירושלים	LOC
ירושלים של זהב.txt	ג'קי מייקה	ירושלים	LOC
ירושלים של זהב.txt	ג'קי מייקה	ירושלים	LOC
ירושלים של זהב.txt	ג'קי מייקה	קורא הר הבית	LOC
ירושלים של זהב.txt	ג'קי מייקה	יריחו	LOC
ירושלים של זהב.txt	ג'קי מייקה	ירושלים	LOC
לעוף איתך.txt	ג'קי מייקה	עד	LOC
שושנת פלאים.txt	ג'קי מייקה	חיש	LOC
אל תבכה נערי.txt	ג'קי מקייטן	יותר	LOC
את לי לילה.txt	ג'קי מקייטן	עם מיתר	LOC
חוששת מגברים.txt	ג'קי מקייטן	עין	LOC
חוששת מגברים.txt	ג'קי מקייטן	הרחוב	LOC
ככה סתם.txt	ג'קי מקייטן	רחוב יושב אחד	LOC
אם זה בספטמבר.txt	גאולה גיל	בחשאי	LOC
אם זה בספטמבר.txt	גאולה גיל	בלבד	LOC
אם זה בספטמבר.txt	גאולה גיל	עובר הרחוב	LOC
אתי מלבנון.txt	גאולה גיל	לבנון	LOC
אתי מלבנון.txt	גאולה גיל	ירושלים	LOC
בערבות הנגב.txt	גאולה גיל	הנגב	LOC
בערבות הנגב.txt	גאולה גיל	הנגב	LOC
בערבות הנגב.txt	גאולה גיל	הנגב	LOC
בשערייך ירושלים.txt	גאולה גיל	ירושלים	LOC
בשערייך ירושלים.txt	גאולה גיל	ירושלים	LOC
בשערייך ירושלים.txt	גאולה גיל	הר הבית	LOC
בשערייך ירושלים.txt	גאולה גיל	ירושלים	LOC
הגבעות הכחולות.txt	גאולה גיל	יידלק הכוכב יאיר	LOC
הגבעות הכחולות.txt	גאולה גיל	מני	LOC
הוא היה.txt	גאולה גיל	עכשיו	LOC
הוא היה.txt	גאולה גיל	עכשיו	LOC
הכותל.txt	גאולה גיל	הר הבית	LOC
הכותל.txt	גאולה גיל	הר הזיתים	LOC
הכותל.txt	גאולה גיל	לטמון	LOC
הלכנו.txt	גאולה גיל	ג'נין	LOC
הלכנו.txt	גאולה גיל	כביש אבו	LOC
הלכנו.txt	גאולה גיל	הר גריזים	LOC
הלכנו.txt	גאולה גיל	חזרנו עפולה	LOC
יא ירח.txt	גאולה גיל	מישפחה	LOC
ירושלים של זהב.txt	גאולה גיל	ירושלים	LOC
ירושלים של זהב.txt	גאולה גיל	ירושלים	LOC
ירושלים של זהב.txt	גאולה גיל	הר הבית	LOC
ירושלים של זהב.txt	גאולה גיל	יריחו	LOC
ירושלים של זהב.txt	גאולה גיל	ירושלים	LOC
ירושלים של זהב.txt	גאולה גיל	ירושלים	LOC
ירושלים של זהב.txt	גאולה גיל	ירושלים	LOC
ירושלים של זהב.txt	גאולה גיל	קורא הר הבית	LOC
ירושלים של זהב.txt	גאולה גיל	יריחו	LOC
ירושלים של זהב.txt	גאולה גיל	ירושלים	LOC
כל הכבוד לצה''ל.txt	גאולה גיל	סיני	LOC
לא רוצה מכתבים.txt	גאולה גיל	חגור	LOC
למנצח שיר מזמור.txt	גאולה גיל	ישראל	LOC
למנצח שיר מזמור.txt	גאולה גיל	ישראל	LOC
לשיר ילדה לשיר.txt	גאולה גיל	אמש	LOC
נערה ושמה כנרת.txt	גאולה גיל	הירדן	LOC
נערה ושמה כנרת.txt	גאולה גיל	ירדן	LOC
נערה ושמה כנרת.txt	גאולה גיל	כנרת	LOC
נערה ושמה כנרת.txt	גאולה גיל	כנרת	LOC
נערה ושמה כנרת.txt	גאולה גיל	כנרת	LOC
נערה ושמה כנרת.txt	גאולה גיל	ההר	LOC
נערה ושמה כנרת.txt	גאולה גיל	ירדן	LOC
נערה ושמה כנרת.txt	גאולה גיל	ירדן	LOC
נערה ושמה כנרת.txt	גאולה גיל	ירדן	LOC
נערה ושמה כנרת.txt	גאולה גיל	כנרת	LOC
נערה ושמה כנרת.txt	גאולה גיל	כנרת	LOC
נערה ושמה כנרת.txt	גאולה גיל	כנרת	LOC
נערה ושמה כנרת.txt	גאולה גיל	ההר	LOC
שיר הבוקרים.txt	גאולה גיל	נתיבות	LOC
שם בכביש דימונה.txt	גאולה גיל	סדום	LOC
שם בכביש דימונה.txt	גאולה גיל	כביש דימונה	LOC
שם בכביש דימונה.txt	גאולה גיל	סדום	LOC
שם בכביש דימונה.txt	גאולה גיל	סדום	LOC
שם בכביש דימונה.txt	גאולה גיל	דימונה	LOC
שמונה בעקבות אחד.txt	גאולה גיל	קדימה	LOC
שמונה בעקבות אחד.txt	גאולה גיל	בומס	LOC
שמונה בעקבות אחד.txt	גאולה גיל	בומס	LOC
שמונה בעקבות אחד.txt	גאולה גיל	בומס	LOC
שמונה בעקבות אחד.txt	גאולה גיל	נפרוץ	LOC
אמא שלחתני.txt	גאולה נוני	בוכרי	LOC
כתונת פסים.txt	גאולה נוני	עין	LOC
כתונת פסים.txt	גאולה נוני	פילאו	LOC
כתונת פסים.txt	גאולה נוני	כילאו	LOC
באר בשדה.txt	גאיה	יעטרוה	LOC
דבקה רפיח.txt	גאיה	עד	LOC
הטוב שבטוב.txt	גאיה	נשר	LOC
הטוב שבטוב.txt	גאיה	שכם	LOC
חגיגאיה.txt	גאיה	תקוה	LOC
חגיגאיה.txt	גאיה	תקוה	LOC
יה מולנה.txt	גאיה	יא	LOC
יה מולנה.txt	גאיה	יה	LOC
יה מולנה.txt	גאיה	יה	LOC
יה מולנה.txt	גאיה	יה	LOC
יה מולנה.txt	גאיה	יה	LOC
יה מולנה.txt	גאיה	יא	LOC
מה אומרות עינייך.txt	גאיה	עד	LOC
מה אומרות עינייך.txt	גאיה	עד	LOC
רועה ורועה.txt	גאיה	הבקעה	LOC
שני שושנים.txt	גאיה	אדום	LOC
שני שושנים.txt	גאיה	האדום	LOC
שני שושנים.txt	גאיה	האדום	LOC
שני שושנים.txt	גאיה	אדום	LOC
אליפלט.txt	גאיה ממן	- אליפלט	LOC
אליפלט.txt	גאיה ממן	מדוע	LOC
אליפלט.txt	גאיה ממן	בלי	LOC
אליפלט.txt	גאיה ממן	כיוון	LOC
אליפלט.txt	גאיה ממן	מדוע	LOC
אליפלט.txt	גאיה ממן	בלי	LOC
היו לילות.txt	גאיה ממן	כינרת	LOC
היו לילות.txt	גאיה ממן	כינרת	LOC
אגדה.txt	גבי ברלין	כינרת	LOC
אגדה.txt	גבי ברלין	תפארת	LOC
אוהבי הטבע.txt	גבי ברלין	ראשון ציון	LOC
אוהבי הטבע.txt	גבי ברלין	הר	LOC
אוהבי הטבע.txt	גבי ברלין	ראשון ציון	LOC
אין כמו יפו בלילות.txt	גבי ברלין	יפו	LOC
אין כמו יפו בלילות.txt	גבי ברלין	יפו	LOC
אין כמו יפו בלילות.txt	גבי ברלין	יפו	LOC
אין כמו יפו בלילות.txt	גבי ברלין	יפו	LOC
אין כמו יפו בלילות.txt	גבי ברלין	יפו	LOC
אין כמו יפו בלילות.txt	גבי ברלין	יפו	LOC
אנו כיתת סיירים.txt	גבי ברלין	כפים	LOC
אנחנו לא שכחנו.txt	גבי ברלין	ירושלים	LOC
אנחנו לא שכחנו.txt	גבי ברלין	ירושלים	LOC
ברך עלינו.txt	גבי ברלין	ברכה	LOC
בת שבע.txt	גבי ברלין	ברד	LOC
בת שבע.txt	גבי ברלין	עד באר	LOC
בת שישים.txt	גבי ברלין	אדום	LOC
בת שישים.txt	גבי ברלין	אדום	LOC
דבקה רפיח.txt	גבי ברלין	עד	LOC
דרך הכורכר.txt	גבי ברלין	הכפר שורק	LOC
האניות עגנו במלטה.txt	גבי ברלין	מלטה	LOC
הורה חדרה.txt	גבי ברלין	חדרה	LOC
הורה חדרה.txt	גבי ברלין	חדרה	LOC
הורה חדרה.txt	גבי ברלין	חדרה	LOC
הורה ממטרה.txt	גבי ברלין	הנגב	LOC
הורה ממטרה.txt	גבי ברלין	הניר	LOC
היי דרומה.txt	גבי ברלין	באר שבע	LOC
היי דרומה.txt	גבי ברלין	אילת	LOC
היי דרומה.txt	גבי ברלין	דרומה	LOC
היי דרומה.txt	גבי ברלין	דרומה	LOC
היי דרומה.txt	גבי ברלין	אילת	LOC
היי דרומה.txt	גבי ברלין	דרומה	LOC
היי דרומה.txt	גבי ברלין	דרומה	LOC
היי דרומה.txt	גבי ברלין	דרומה	LOC
היי דרומה.txt	גבי ברלין	דרומה	LOC
חג יובל.txt	גבי ברלין	יזרעאל	LOC
חג יובל.txt	גבי ברלין	הכינרת	LOC
חג יובל.txt	גבי ברלין	הירדן	LOC
חג יובל.txt	גבי ברלין	מרקדת השפלה ירושלים שיר	LOC
חג יובל.txt	גבי ברלין	ארץ ישראל	LOC
חג יובל.txt	גבי ברלין	ארץ ישראל	LOC
חג יובל.txt	גבי ברלין	רון השרון	LOC
חג יובל.txt	גבי ברלין	השומרון יריחו רימון	LOC
חג יובל.txt	גבי ברלין	הנגב	LOC
חג יובל.txt	גבי ברלין	קיבוץ אלפי גוון מושב צבעי מכחול	LOC
ירח אדום.txt	גבי ברלין	אדום	LOC
ליל בא.txt	גבי ברלין	זקן	LOC
לילה ראשון בלי אמא.txt	גבי ברלין	ההא	LOC
מי יבנה בית.txt	גבי ברלין	יבנה	LOC
מי יבנה בית.txt	גבי ברלין	תל אביב	LOC
מי יבנה בית.txt	גבי ברלין	יבנה	LOC
מי יבנה בית.txt	גבי ברלין	תל אביב	LOC
מי יבנה בית.txt	גבי ברלין	תל אביב הבו	LOC
מי יבנה בית.txt	גבי ברלין	תל אביב	LOC
ניגון עתיק.txt	גבי ברלין	שכם	LOC
ניגון עתיק.txt	גבי ברלין	לחם	LOC
סרנדה לך.txt	גבי ברלין	שלושה	LOC
סרנדה לך.txt	גבי ברלין	סרנדה	LOC
סרנדה לך.txt	גבי ברלין	נשר	LOC
סרנדה לך.txt	גבי ברלין	עד	LOC
סרנדה לך.txt	גבי ברלין	שלושה	LOC
סרנדה לך.txt	גבי ברלין	סרנדה	LOC
ערב בא.txt	גבי ברלין	גנים	LOC
ערב בא.txt	גבי ברלין	בלאט	LOC
רינה.txt	גבי ברלין	מאז	LOC
רינה.txt	גבי ברלין	רינה	LOC
רינה.txt	גבי ברלין	רינה	LOC
שיר לאלמונית.txt	גבי ברלין	סין	LOC
שיר על עץ.txt	גבי ברלין	הערבה	LOC
שיר על עץ.txt	גבי ברלין	הנגב	LOC
שיר על עץ.txt	גבי ברלין	הערבה	LOC
שיר על עץ.txt	גבי ברלין	אל	LOC
שיר על עץ.txt	גבי ברלין	הערבה	LOC
שירת הנוער.txt	גבי ברלין	יקום	LOC
את יפה.txt	גבי פרחי	ליבי	LOC
תפילת גשם.txt	גבי שדה	ירושלים	LOC
אמון מלא.txt	גבי שושן	כבר	LOC
בהירים מחיוורון.txt	גבי שושן	הים	LOC
בראשית.txt	גבי שושן	לילה	LOC
בראשית.txt	גבי שושן	הארץ	LOC
בראשית.txt	גבי שושן	שי	LOC
גברת שוש.txt	גבי שושן	כן	LOC
זיכרונות.txt	גבי שושן	תל אביב	LOC
זיכרונות.txt	גבי שושן	הרחוב ניחוחות המרכולים	LOC
יונה עייפה.txt	גבי שושן	ורועפת	LOC
לא יכול בלי.txt	גבי שושן	צרפת	LOC
להשתטות לפעמים.txt	גבי שושן	אפריקה	LOC
להשתטות לפעמים.txt	גבי שושן	הרצליה	LOC
עוקץ ומחט.txt	גבי שושן	פתאום	LOC
על המזח.txt	גבי שושן	צפת	LOC
על המזח.txt	גבי שושן	יפן	LOC
קו חמש.txt	גבי שושן	תל אביב	LOC
שובי אלי.txt	גבי שושן	עד דחי	LOC
שובי אלי.txt	גבי שושן	עלי	LOC
שובי אלי.txt	גבי שושן	עלי	LOC
המדינה שלנו.txt	גבי שטרית	אחד כפר שמריהו	LOC
לרקוד.txt	גבי תמיר	קרים	LOC
האור בחשיכה.txt	גבע אלון	כרמל	LOC
האור בחשיכה.txt	גבע אלון	אלונים	LOC
האור בחשיכה.txt	גבע אלון	אלונים	LOC
האור בחשיכה.txt	גבע אלון	אלונים	LOC
אם אלוהים היה רוצה.txt	גברי בנאי	חלב	LOC
אם אלוהים היה רוצה.txt	גברי בנאי	נחל שורק	LOC
בין זכרון יוסף לשכונת הפחים.txt	גברי בנאי	אמריקה	LOC
בין זכרון יוסף לשכונת הפחים.txt	גברי בנאי	הודו	LOC
בין זכרון יוסף לשכונת הפחים.txt	גברי בנאי	שוויץ	LOC
בין זכרון יוסף לשכונת הפחים.txt	גברי בנאי	אמסטרדם	LOC
בין זכרון יוסף לשכונת הפחים.txt	גברי בנאי	י ברזיל	LOC
בין זכרון יוסף לשכונת הפחים.txt	גברי בנאי	שכונת הפחים	LOC
בין זכרון יוסף לשכונת הפחים.txt	גברי בנאי	סין	LOC
בין זכרון יוסף לשכונת הפחים.txt	גברי בנאי	ניו - יורק	LOC
בין זכרון יוסף לשכונת הפחים.txt	גברי בנאי	איטליה	LOC
בין זכרון יוסף לשכונת הפחים.txt	גברי בנאי	עם ונציה	LOC
אדמה חרבה.txt	גבריאל בלחסן	יא	LOC
אוקיינוס קפוא.txt	גבריאל בלחסן	עדן	LOC
דיפ טי.אם.אס.txt	גבריאל בלחסן	במבה	LOC
דיפ טי.אם.אס.txt	גבריאל בלחסן	אן	LOC
דיפ טי.אם.אס.txt	גבריאל בלחסן	פקחה	LOC
דיפ טי.אם.אס.txt	גבריאל בלחסן	תקוע	LOC
דיפ טי.אם.אס.txt	גבריאל בלחסן	המושב	LOC
דשא א'.txt	גבריאל בלחסן	לב	LOC
דשא א'.txt	גבריאל בלחסן	חלב	LOC
דשא ב'.txt	גבריאל בלחסן	זוהר	LOC
דשא.txt	גבריאל בלחסן	זוהר	LOC
האסייתית הקטנה.txt	גבריאל בלחסן	קדימה	LOC
השטן.txt	גבריאל בלחסן	וצצתי	LOC
השטן.txt	גבריאל בלחסן	אניה	LOC
השטן.txt	גבריאל בלחסן	רצתי רחובות תל אביב	LOC
השטן.txt	גבריאל בלחסן	בבשר_בייאוש	LOC
חייך עכשיו.txt	גבריאל בלחסן	הבית	LOC
חייך עכשיו.txt	גבריאל בלחסן	השפלה	LOC
חייך עכשיו.txt	גבריאל בלחסן	השכם	LOC
חלום.txt	גבריאל בלחסן	יותר	LOC
חלום.txt	גבריאל בלחסן	גראס	LOC
חמש בבוקר.txt	גבריאל בלחסן	באיך	LOC
חמש בבוקר.txt	גבריאל בלחסן	אבא	LOC
כדורי הרגעה בדבש.txt	גבריאל בלחסן	מגדל בבל עזריאלי	LOC
כדורי הרגעה בדבש.txt	גבריאל בלחסן	סיני	LOC
כדורי הרגעה בדבש.txt	גבריאל בלחסן	סין	LOC
כדורי הרגעה בדבש.txt	גבריאל בלחסן	הירקון	LOC
כדורי הרגעה בדבש.txt	גבריאל בלחסן	דבש	LOC
כדורי הרגעה בדבש.txt	גבריאל בלחסן	תל - אביב	LOC
כדורי הרגעה בדבש.txt	גבריאל בלחסן	שמעתי חדשות ערבית	LOC
כדורי הרגעה בדבש.txt	גבריאל בלחסן	מבטון	LOC
כדורי הרגעה בדבש.txt	גבריאל בלחסן	אמריקה - רפיח	LOC
כדורי הרגעה בדבש.txt	גבריאל בלחסן	בית	LOC
כדורי הרגעה בדבש.txt	גבריאל בלחסן	הבית	LOC
סליחה.txt	גבריאל בלחסן	מזמן	LOC
סליחה.txt	גבריאל בלחסן	בגדה	LOC
סניקרס.txt	גבריאל בלחסן	חבר	LOC
סניקרס.txt	גבריאל בלחסן	פה	LOC
סניקרס.txt	גבריאל בלחסן	מוצא	LOC
סניקרס.txt	גבריאל בלחסן	טמון	LOC
עתיד.txt	גבריאל בלחסן	בלי	LOC
רכבות.txt	גבריאל בלחסן	אברבאנל	LOC
תלמי אליהו.txt	גבריאל בלחסן	שחורה	LOC
תלמי אליהו.txt	גבריאל בלחסן	למעלה	LOC
תפילה צעד 11.txt	גבריאל בלחסן	תקוה	LOC
לאהוב לעולמים.txt	גבריאל גבסו	אחיה	LOC
אסדר לסעודתא.txt	גבריאל חסון	סתימין	LOC
אסדר לסעודתא.txt	גבריאל חסון	תגלון	LOC
אסדר לסעודתא.txt	גבריאל חסון	מאן	LOC
אסדר לסעודתא.txt	גבריאל חסון	יסגי	LOC
טובל ושוכח.txt	גבריאל חסון	עכשיו	LOC
מחי ומסי.txt	גבריאל חסון	מרדין	LOC
עיר גבוהה.txt	גבריאל חסון	הר	LOC
עיר גבוהה.txt	גבריאל חסון	הר בית	LOC
על נהרות בבל.txt	גבריאל חסון	בבל	LOC
על נהרות בבל.txt	גבריאל חסון	ירושלים	LOC
על נהרות בבל.txt	גבריאל חסון	ירושלים	LOC
על נהרות בבל.txt	גבריאל חסון	אדום	LOC
על נהרות בבל.txt	גבריאל חסון	בבל	LOC
ריבונו של עולם.txt	גבריאל חסון	לעילא	LOC
לייק עלייך נשמה.txt	גבריאל שרם	בצ'ט	LOC
ברכת השנים.txt	גד אלבז	ִבְרָכָה	LOC
ה מלך.txt	גד אלבז	אחד	LOC
ה מלך.txt	גד אלבז	אחד	LOC
ה מלך.txt	גד אלבז	י	LOC
האמת.txt	גד אלבז	ה	LOC
כנראה.txt	גד אלבז	כנראה	LOC
כשהדמעות זולגות.txt	גד אלבז	צימאונו	LOC
למען אחי ורעי.txt	גד אלבז	ישראל	LOC
לשמור על התקווה.txt	גד אלבז	עכשיו	LOC
על נהרות בבל.txt	גד אלבז	בבל	LOC
על נהרות בבל.txt	גד אלבז	בבל	LOC
רק כאן.txt	גד אלבז	חלב	LOC
התגשמות.txt	גד צ'רנובילסקי	הכיוון	LOC
נפתלי.txt	גדי יגיל	כיוון	LOC
מסתבר.txt	גדי יעקבי	כיוון	LOC
אני גיטרה.txt	גדי רוה	אדום	LOC
אני גיטרה.txt	גדי רוה	בן אשכול	LOC
אצלנו בכפר טודרא.txt	גדי רוה	אצלנו כפר טודרא	LOC
אצלנו בכפר טודרא.txt	גדי רוה	אצלנו כפר טודרא	LOC
אצלנו בכפר טודרא.txt	גדי רוה	אצלנו כפר טודרא	LOC
אצלנו בכפר טודרא.txt	גדי רוה	אצלנו כפר טודרא	LOC
אצלנו בכפר טודרא.txt	גדי רוה	מא	LOC
אצלנו בכפר טודרא.txt	גדי רוה	אצלנו כפר טודרא	LOC
ונתנה תוקף.txt	גדי רוה	רון	LOC
שלל שרב.txt	גדי רוה	במקרה	LOC
הבלדה על אביגדור.txt	גדעון אונה	אביגדור	LOC
הבלדה על אביגדור.txt	גדעון אונה	שב דליה	LOC
אגדה.txt	גדעון אפרתי	כינרת	LOC
אגדה.txt	גדעון אפרתי	תפארת	LOC
עלי זהב.txt	גדעון גרייף	נשר	LOC
עפיפון קיץ.txt	גדעון גרייף	אדום	LOC
רכבות בהרים.txt	גדעון גרייף	הקרים	LOC
העלמה.txt	גדעון זינגר	בסך	LOC
השחרור.txt	גדעון זינגר	הן	LOC
שאני עמך.txt	גדעון זינגר	ירון	LOC
אלג'יר.txt	גואל פינטו	יר	LOC
אלג'יר.txt	גואל פינטו	יר	LOC
אלג'יר.txt	גואל פינטו	ֶׁנָּשְׁרו	LOC
אלג'יר.txt	גואל פינטו	“	LOC
אלג'יר.txt	גואל פינטו	ָה	LOC
גשם דשא.txt	גוטל בוטל	יהפוך הכביש	LOC
גשם דשא.txt	גוטל בוטל	האילון	LOC
גשם דשא.txt	גוטל בוטל	השטחים	LOC
גשם דשא.txt	גוטל בוטל	דואט	LOC
גשם דשא.txt	גוטל בוטל	טול כרם	LOC
גשם דשא.txt	גוטל בוטל	ג'נין	LOC
אושר.txt	גולן אברהם	בשפתיה	LOC
תביני ילדונת.txt	גולן אברהם	הר	LOC
תביני ילדונת.txt	גולן אברהם	הר	LOC
בחום הלב חברון.txt	גולן ואך	חברון	LOC
בחום הלב חברון.txt	גולן ואך	ירושלים	LOC
בחום הלב חברון.txt	גולן ואך	בית לחם	LOC
בחום הלב חברון.txt	גולן ואך	חברון	LOC
אל הבית.txt	גונבי האופניים	כיוון	LOC
מחליק ונעלם.txt	גונבי האופניים	הערבה	LOC
חשבתי להתבטל.txt	גוסטו	ח	LOC
חשבתי להתבטל.txt	גוסטו	אלי נרייאח'	LOC
חשבתי להתבטל.txt	גוסטו	ח	LOC
חשבתי להתבטל.txt	גוסטו	אלי נרייאח'	LOC
חשבתי להתבטל.txt	גוסטו	ח	LOC
חשבתי להתבטל.txt	גוסטו	אלי נרייאח'	LOC
לוליטה.txt	גוסטו	טמון	LOC
לוליטה.txt	גוסטו	י	LOC
לוליטה.txt	גוסטו	י ה לי...	LOC
לוליטה.txt	גוסטו	י	LOC
לוליטה.txt	גוסטו	י ה לי...	LOC
לוליטה.txt	גוסטו	נשבר שעות סטודיו	LOC
לוליטה.txt	גוסטו	י	LOC
לוליטה.txt	גוסטו	י ה לי...	LOC
מי אני.txt	גוסטו	גאון	LOC
מי אני.txt	גוסטו	כיוון	LOC
מי אני.txt	גוסטו	כיוון	LOC
מתבלבל.txt	גוסטו	תקוע	LOC
מתבלבל.txt	גוסטו	דומע רחוב המבוכים	LOC
עלה מזלי.txt	גוסטו	מוצא	LOC
עלה מזלי.txt	גוסטו	עלה	LOC
עלה מזלי.txt	גוסטו	עלה	LOC
עלה מזלי.txt	גוסטו	עלה	LOC
עלה מזלי.txt	גוסטו	עלה	LOC
עלה מזלי.txt	גוסטו	עלה	LOC
עלה מזלי.txt	גוסטו	עלה	LOC
עלה מזלי.txt	גוסטו	עלה	LOC
קורע ונוסע.txt	גוסטו	מזל	LOC
אה או.txt	גזוז	חשבנו שיר מולדת	LOC
אמא ודני.txt	גזוז	אדום	LOC
גוביינא.txt	גזוז	טילפנתי אמריקה	LOC
גוביינא.txt	גזוז	לכאן	LOC
גוביינא.txt	גזוז	גוביינא	LOC
גוביינא.txt	גזוז	, פנמה	LOC
גוביינא.txt	גזוז	קנדה	LOC
גוביינא.txt	גזוז	ספרד	LOC
האגדה על בילי בוי.txt	גזוז	פוקר	LOC
היא התישבה ליד פסנתר.txt	גזוז	לפטיפון	LOC
היא לא תדע.txt	גזוז	עדן	LOC
חללית.txt	גזוז	ירדן	LOC
חללית.txt	גזוז	הביתה	LOC
כחול ים תיכון.txt	גזוז	קרים	LOC
לב דפוק.txt	גזוז	בכלל	LOC
לכבוד הקיץ.txt	גזוז	מסביב	LOC
לכבוד הקיץ.txt	גזוז	לאחור	LOC
לכבוד הקיץ.txt	גזוז	גולן	LOC
סוף הרשימה.txt	גזוז	לאט	LOC
ערב טוב.txt	גזוז	ירושלים	LOC
ציפי פרימו.txt	גזוז	חולון	LOC
ציפי פרימו.txt	גזוז	קליפורניה	LOC
ציפי פרימו.txt	גזוז	חורון	LOC
ציפי פרימו.txt	גזוז	חולון	LOC
ציפי פרימו.txt	גזוז	, צומת פה צומת שם	LOC
קפה בתחתית.txt	גזוז	,	LOC
רוני.txt	גזוז	כיוון	LOC
רק עם אופנוע.txt	גזוז	אל	LOC
תה עושה סחרחורת.txt	גזוז	בשמיים	LOC
תה עושה סחרחורת.txt	גזוז	כיוון	LOC
תה עושה סחרחורת.txt	גזוז	אחיה	LOC
תקלה מהתחלה.txt	גזוז	תל אביב	LOC
תקלה מהתחלה.txt	גזוז	שמונה	LOC
קה בוניטה.txt	גיא הררי	כיוון	LOC
צליל קולה.txt	גיא זוארץ	בת ים	LOC
צליל קולה.txt	גיא זוארץ	בת ים	LOC
שומעים את צעדיך.txt	גיא זוארץ	הרחוב	LOC
מסע הדמים.txt	גיא טל	ישראל	LOC
אם.txt	גיא לוי	אפק	LOC
בוקר טוב.txt	גיא לוי	פרי	LOC
בוקר טוב.txt	גיא לוי	כדור הארץ	LOC
בוקר טוב.txt	גיא לוי	אל	LOC
בחצי גרוש שרוכי נעליים.txt	גיא לוי	לתקוע	LOC
בחצי גרוש שרוכי נעליים.txt	גיא לוי	לתקוע	LOC
בחצי גרוש שרוכי נעליים.txt	גיא לוי	יירב	LOC
בחצי גרוש שרוכי נעליים.txt	גיא לוי	לתקוע	LOC
זה עובר.txt	גיא לוי	הַכִּיסּוּס	LOC
זה עובר.txt	גיא לוי	וּשְׁתֵה	LOC
כנרת.txt	גיא לוי	מאז	LOC
כנרת.txt	גיא לוי	חלב	LOC
כנרת.txt	גיא לוי	,	LOC
כנרת.txt	גיא לוי	כנרת	LOC
כנרת.txt	גיא לוי	כנרת	LOC
כנרת.txt	גיא לוי	כנרת	LOC
נגד !.txt	גיא לוי	שכם	LOC
נגד !.txt	גיא לוי	פרבר	LOC
נשבעתי לחזור אליך.txt	גיא לוי	עוד	LOC
נשבעתי לחזור אליך.txt	גיא לוי	בהקיץ	LOC
שיר אל שנכלא.txt	גיא לוי	רעים	LOC
איחורים.txt	גיא מר	זין	LOC
אין לי מה להתלונן.txt	גיא מר	שומע אירן	LOC
המבקר הלאומי.txt	גיא מר	מזרח התיכון	LOC
זה לא ברוקלין.txt	גיא מר	רחוב שיער ג'ל	LOC
זה לא ברוקלין.txt	גיא מר	יהודה מורגוזה	LOC
זה לא ברוקלין.txt	גיא מר	בת ים יפו	LOC
זה לא ברוקלין.txt	גיא מר	ברוקלין	LOC
זה לא ברוקלין.txt	גיא מר	ת'מתחצף	LOC
זה לא ברוקלין.txt	גיא מר	ברוקלין	LOC
זה לא ברוקלין.txt	גיא מר	ברוקלין	LOC
מחסן חירום.txt	גיא מר	האוניברסל	LOC
סוף הסיפור.txt	גיא מר	ה ג'יף	LOC
סוף הסיפור.txt	גיא מר	באיביזה	LOC
סוף הסיפור.txt	גיא מר	קייב	LOC
סוף הסיפור.txt	גיא מר	ירושלים	LOC
פצצה חכמה.txt	גיא מר	יוון	LOC
פצצה חכמה.txt	גיא מר	קדימה	LOC
כמעט עשרים ואחת.txt	גיא שגיא	תשדף	LOC
כמעט עשרים ואחת.txt	גיא שגיא	תשדף	LOC
כמעט עשרים ואחת.txt	גיא שגיא	תשדף	LOC
אין לי כסף.txt	גידי גוב	תקוע	LOC
אין עוד יום.txt	גידי גוב	טירה	LOC
אנ'לא יודע איך לומר לך.txt	גידי גוב	אן	LOC
אצל אחת הטלתי עוגן.txt	גידי גוב	מדוע	LOC
אצל אחת הטלתי עוגן.txt	גידי גוב	פרוסטטה	LOC
ארץ אגדה.txt	גידי גוב	מגדל	LOC
את אני והדייג הויקינגי.txt	גידי גוב	בכלל	LOC
את אני והדייג הויקינגי.txt	גידי גוב	יותר	LOC
בגלל הרוח.txt	גידי גוב	גבי	LOC
בלעדייך.txt	גידי גוב	מכאן	LOC
בלעדייך.txt	גידי גוב	תמיד	LOC
בקצה ההר.txt	גידי גוב	עד	LOC
בקצה ההר.txt	גידי גוב	עד	LOC
בשדה ירוק.txt	גידי גוב	שדה	LOC
בשדה ירוק.txt	גידי גוב	שדה	LOC
בשדה ירוק.txt	גידי גוב	שדה	LOC
ג'יגולו.txt	גידי גוב	אחד	LOC
ג'יגולו.txt	גידי גוב	פה	LOC
ג'יגולו.txt	גידי גוב	אחד	LOC
ג'יגולו.txt	גידי גוב	פה	LOC
ג'יגולו.txt	גידי גוב	פה	LOC
דרך ארץ.txt	גידי גוב	תקוע	LOC
דרך ארץ.txt	גידי גוב	י	LOC
האהבה שלי היא לא האהבה שלו.txt	גידי גוב	בצרה	LOC
האהבה שלי היא לא האהבה שלו.txt	גידי גוב	אדום	LOC
הו מה יהיה.txt	גידי גוב	ליבי	LOC
הו מה יהיה.txt	גידי גוב	אושר	LOC
הו מה יהיה.txt	גידי גוב	ליבי	LOC
הו מה יהיה.txt	גידי גוב	אושר	LOC
הו מה יהיה.txt	גידי גוב	ליבי	LOC
הו מה יהיה.txt	גידי גוב	אושר	LOC
זמר לספינה.txt	גידי גוב	יכלאני	LOC
חזק חזק.txt	גידי גוב	חזק	LOC
חזק חזק.txt	גידי גוב	חזק	LOC
חזק חזק.txt	גידי גוב	חזק	LOC
חזק חזק.txt	גידי גוב	חזק	LOC
חזק חזק.txt	גידי גוב	חזק	LOC
חזק חזק.txt	גידי גוב	חזק	LOC
חזק חזק.txt	גידי גוב	חזק	LOC
יו יה.txt	גידי גוב	יה	LOC
יו יה.txt	גידי גוב	יה	LOC
יו יה.txt	גידי גוב	יה	LOC
יו יה.txt	גידי גוב	יה	LOC
יו יה.txt	גידי גוב	יה	LOC
יו יה.txt	גידי גוב	יה	LOC
יו יה.txt	גידי גוב	יה	LOC
יו יה.txt	גידי גוב	יה	LOC
ילד מזדקן.txt	גידי גוב	תל אביב	LOC
יעלה ויבוא.txt	גידי גוב	הר נבו	LOC
יעלה ויבוא.txt	גידי גוב	הר תבור הברק אשר	LOC
יש ימים.txt	גידי גוב	אלי	LOC
יש ימים.txt	גידי גוב	אלי	LOC
כאילו לא.txt	גידי גוב	לסרוגין	LOC
ככה היא באמצע.txt	גידי גוב	שביט	LOC
ככה זה.txt	גידי גוב	ניתגבר	LOC
כל שושנה.txt	גידי גוב	שושנה	LOC
כלים שלובים.txt	גידי גוב	כמעט	LOC
כלים שלובים.txt	גידי גוב	קצת	LOC
כלים שלובים.txt	גידי גוב	כמעט	LOC
כלים שלובים.txt	גידי גוב	קצת	LOC
לוליטה.txt	גידי גוב	הרימי	LOC
לוקח ת'זמן.txt	גידי גוב	ירושלים	LOC
לידיה הלוהטת.txt	גידי גוב	אדום	LOC
לידיה הלוהטת.txt	גידי גוב	סוסיתא כרמל	LOC
לידיה הלוהטת.txt	גידי גוב	קוף	LOC
למה ליבך כמו קרח.txt	גידי גוב	הולך הרחוב	LOC
מה מי מו.txt	גידי גוב	הרחוב	LOC
נובמבר.txt	גידי גוב	"ת.."""	LOC
נמה יפו.txt	גידי גוב	נמה יפו	LOC
נמה יפו.txt	גידי גוב	יפו	LOC
נמה יפו.txt	גידי גוב	יפו	LOC
סוס עץ.txt	גידי גוב	מקרוב	LOC
סוס עץ.txt	גידי גוב	כן	LOC
סוס עץ.txt	גידי גוב	כן	LOC
סוס עץ.txt	גידי גוב	כן	LOC
עד הבוקר.txt	גידי גוב	ל	LOC
עדן.txt	גידי גוב	לוד	LOC
עדן.txt	גידי גוב	עדן	LOC
עם כל החברה.txt	גידי גוב	כן	LOC
עם כל החברה.txt	גידי גוב	כן	LOC
עם כל החברה.txt	גידי גוב	כן	LOC
קטנה אחת.txt	גידי גוב	חלב	LOC
רגע לא פשוט.txt	גידי גוב	נכון	LOC
שיר אחד שמח.txt	גידי גוב	ששון	LOC
שיר הטמבל.txt	גידי גוב	השכם	LOC
שירו של מקס.txt	גידי גוב	פריז	LOC
שירו של מקס.txt	גידי גוב	ברלין	LOC
שירו של מקס.txt	גידי גוב	צרפת	LOC
שירו של מקס.txt	גידי גוב	ספרד	LOC
שירו של מקס.txt	גידי גוב	, צרפת	LOC
שירו של מקס.txt	גידי גוב	ספרד	LOC
שירו של מקס.txt	גידי גוב	, צרפת	LOC
שירו של מקס.txt	גידי גוב	ספרד	LOC
שירו של מקס.txt	גידי גוב	, צרפת	LOC
שירו של מקס.txt	גידי גוב	גבעתיים	LOC
שלל שרב.txt	גידי גוב	במקרה	LOC
תנו לגדול בשקט.txt	גידי גוב	מצרים	LOC
איש מביט בבנו.txt	גידי קורן	אל	LOC
למה את עוזבת.txt	גידי שמור	נכון	LOC
הבו עז לתיש.txt	גיורא פיידמן	, נשר	LOC
תנו לגדול בשקט.txt	גיים בויז	הכפר	LOC
תנו לגדול בשקט.txt	גיים בויז	מזרח התיכון	LOC
תנו לגדול בשקט.txt	גיים בויז	מטולה עד אילת	LOC
תנו לגדול בשקט.txt	גיים בויז	הכפר	LOC
ליגת העל.txt	גיל בקנשטיין	תל אביב	LOC
ליגת העל.txt	גיל בקנשטיין	בניחותא	LOC
ליגת העל.txt	גיל בקנשטיין	אירופה	LOC
ליגת העל.txt	גיל בקנשטיין	ברזיל	LOC
שובי אלי.txt	גיל מגור	שוב	LOC
בהאחזות הנחל בסיני.txt	גיל נגר	סיני	LOC
בהאחזות הנחל בסיני.txt	גיל נגר	סיני	LOC
בהאחזות הנחל בסיני.txt	גיל נגר	סיני	LOC
בהאחזות הנחל בסיני.txt	גיל נגר	בחוץ'	LOC
בהאחזות הנחל בסיני.txt	גיל נגר	סיני	LOC
בהאחזות הנחל בסיני.txt	גיל נגר	סיני	LOC
בהאחזות הנחל בסיני.txt	גיל נגר	ארץ ישראל	LOC
בהאחזות הנחל בסיני.txt	גיל נגר	ארץ ישראל	LOC
בהאחזות הנחל בסיני.txt	גיל נגר	סיני	LOC
בהאחזות הנחל בסיני.txt	גיל נגר	סיני	LOC
הקולות של פיראוס.txt	גיל נגר	הים התיכון	LOC
הקולות של פיראוס.txt	גיל נגר	חיפה	LOC
הקולות של פיראוס.txt	גיל נגר	יוון	LOC
הקולות של פיראוס.txt	גיל נגר	הפתוח	LOC
הקולות של פיראוס.txt	גיל נגר	חיפה	LOC
הקולות של פיראוס.txt	גיל נגר	יוון	LOC
חלון לים התיכון.txt	גיל נגר	הגעתי יפו	LOC
קול.txt	גיל ססובר	מניף ת'יד	LOC
טל יעסיס.txt	גיל עקיביוב	אל יהי	LOC
איך עושים מליונים.txt	גיל קופטש	י	LOC
אני מניאק.txt	גיל קופטש	RTL	LOC
אני מניאק.txt	גיל קופטש	כן	LOC
אני מניאק.txt	גיל קופטש	עד טורקיה	LOC
אני מניאק.txt	גיל קופטש	טורקיה	LOC
אני מניאק.txt	גיל קופטש	ישראל	LOC
אני מניאק.txt	גיל קופטש	אמריקה	LOC
אני מניאק.txt	גיל קופטש	אירופה	LOC
אני מניאק.txt	גיל קופטש	אסיה	LOC
עד ספטמבר.txt	גילה אדרי	אביב...	LOC
עד ספטמבר.txt	גילה אדרי	עד	LOC
עד ספטמבר.txt	גילה אדרי	עד	LOC
עד ספטמבר.txt	גילה אדרי	לכאן	LOC
עד ספטמבר.txt	גילה אדרי	עד	LOC
פאף דרקון הפלא.txt	גילה אדרי	דרקון	LOC
וידוי.txt	גילה אלמגור	מעילון	LOC
וידוי.txt	גילה אלמגור	מעילון	LOC
פריס 1942.txt	גילה אלמגור	קאן קאן	LOC
פריס 1942.txt	גילה אלמגור	בבולבאר	LOC
פריס 1942.txt	גילה אלמגור	בבולבאר	LOC
רבי יהודה הלוי.txt	גילה בשארי	טודלה	LOC
רבי יהודה הלוי.txt	גילה בשארי	אלכסנדריה	LOC
רבי יהודה הלוי.txt	גילה בשארי	קפנדריה	LOC
רבי יהודה הלוי.txt	גילה בשארי	קהיר	LOC
רבי יהודה הלוי.txt	גילה בשארי	קהיר	LOC
רבי יהודה הלוי.txt	גילה בשארי	ירושלים	LOC
תפילה.txt	גילה בשארי	ה	LOC
מז'ור מינור.txt	גילה חסיד	'	LOC
נינה.txt	גילה חסיד	תל אביב	LOC
נינה.txt	גילה חסיד	תל אביב	LOC
סנונית.txt	גילה חסיד	אל	LOC
סנונית.txt	גילה חסיד	עלי	LOC
My love for your love.txt	גילה שרון	###NUMBER###	LOC
My love is your love.txt	גילה שרון	###NUMBER###	LOC
אלי קרב.txt	גילו כהן	ירושלים שום	LOC
אלי קרב.txt	גילו כהן	תמיד	LOC
ארץ לא זרועה.txt	גילו כהן	נִמְהָל	LOC
באר תחתית.txt	גילו כהן	באר שבע	LOC
באר תחתית.txt	גילו כהן	באר שבע	LOC
ברוכים הבאים.txt	גילו כהן	גאון	LOC
גאולה.txt	גילו כהן	הנגב	LOC
כוכב.txt	גילו כהן	טמון	LOC
שלג.txt	גילו כהן	כְּמו	LOC
מתבונן.txt	גילי שושן	עזה	LOC
מתבונן.txt	גילי שושן	מתוקה	LOC
רציתי לצאת גבר.txt	גילי שושן	אניה	LOC
רציתי לצאת גבר.txt	גילי שושן	אניה	LOC
רציתי לצאת גבר.txt	גילי שושן	אניה	LOC
רציתי לצאת גבר.txt	גילי שושן	אניה	LOC
רציתי לצאת גבר.txt	גילי שושן	אניה	LOC
רציתי לצאת גבר.txt	גילי שושן	אניה	LOC
אור סובב.txt	גיתית שובל	רכסים	LOC
אליעזר והגזר.txt	גיתית שובל	גזר	LOC
אליעזר והגזר.txt	גיתית שובל	משך הגזר	LOC
אליעזר והגזר.txt	גיתית שובל	עזר	LOC
אליעזר והגזר.txt	גיתית שובל	עזר	LOC
אליעזר והגזר.txt	גיתית שובל	עזר	LOC
אליעזר והגזר.txt	גיתית שובל	עזר	LOC
אליעזר והגזר.txt	גיתית שובל	השכם	LOC
אליעזר והגזר.txt	גיתית שובל	עזר	LOC
אם אשכחך ירושלים.txt	גיתית שובל	ירושלים	LOC
אם אשכחך ירושלים.txt	גיתית שובל	ירושלים	LOC
אם אשכחך ירושלים.txt	גיתית שובל	ירושלים	LOC
אם אשכחך ירושלים.txt	גיתית שובל	אדום	LOC
אם אשכחך ירושלים.txt	גיתית שובל	ירושלים	LOC
אם אשכחך ירושלים.txt	גיתית שובל	ירושלים	LOC
אנו נושאים לפידים.txt	גיתית שובל	רַגְלֵינו	LOC
אנו נושאים לפידים.txt	גיתית שובל	ָצָאנו	LOC
אנו נושאים לפידים.txt	גיתית שובל	ָצָאנו	LOC
אנו נושאים לפידים.txt	גיתית שובל	דָּם	LOC
אנשים יפים.txt	גיתית שובל	פייל	LOC
אנשים יפים.txt	גיתית שובל	אחד	LOC
בכרם תימן.txt	גיתית שובל	תימן	LOC
בכרם תימן.txt	גיתית שובל	שבת	LOC
בכרם תימן.txt	גיתית שובל	,	LOC
בכרם תימן.txt	גיתית שובל	,	LOC
בכרם תימן.txt	גיתית שובל	,	LOC
בכרם תימן.txt	גיתית שובל	תימן	LOC
בכרם תימן.txt	גיתית שובל	, תמר	LOC
בלי להשאיר עקבות.txt	גיתית שובל	אושר	LOC
הדרדסים.txt	גיתית שובל	חי	LOC
היו לילות.txt	גיתית שובל	כינרת	LOC
היו לילות.txt	גיתית שובל	כינרת	LOC
הנביא.txt	גיתית שובל	כדים	LOC
ירושלים של זהב.txt	גיתית שובל	ירושלים	LOC
ירושלים של זהב.txt	גיתית שובל	ירושלים	LOC
ירושלים של זהב.txt	גיתית שובל	הר הבית	LOC
ירושלים של זהב.txt	גיתית שובל	יריחו	LOC
ירושלים של זהב.txt	גיתית שובל	ירושלים	LOC
ירושלים של זהב.txt	גיתית שובל	ירושלים	LOC
ירושלים של זהב.txt	גיתית שובל	ירושלים	LOC
ירושלים של זהב.txt	גיתית שובל	קורא הר הבית	LOC
ירושלים של זהב.txt	גיתית שובל	יריחו	LOC
ירושלים של זהב.txt	גיתית שובל	ירושלים	LOC
לילה לילה.txt	גיתית שובל	זמר	LOC
מה אומרות עינייך.txt	גיתית שובל	עד	LOC
מה אומרות עינייך.txt	גיתית שובל	עד	LOC
משחק פורים.txt	גיתית שובל	ארכיב רחוב העיר	LOC
עכשיו כבר כן.txt	גיתית שובל	עכשיו	LOC
עכשיו כבר כן.txt	גיתית שובל	עכשיו	LOC
על גבעות שיך אברק.txt	גיתית שובל	י יהוד	LOC
קרוב למלאכים.txt	גיתית שובל	ירושלים	LOC
קרוב למלאכים.txt	גיתית שובל	רחוב יורד	LOC
שירת החליל.txt	גיתית שובל	אל	LOC
שערים לבוא.txt	גיתית שובל	ירושלים	LOC
שערים לבוא.txt	גיתית שובל	ירושלים	LOC
מכונת המלחמה.txt	גל דאי	חיפה	LOC
מכונת המלחמה.txt	גל דאי	ישראל	LOC
מכונת המלחמה.txt	גל דאי	ארץ ציון	LOC
מכונת המלחמה.txt	גל דאי	ירושלים	LOC
לואיזיאנה.txt	גל דה פז	כן	LOC
לואיזיאנה.txt	גל דה פז	מטולה	LOC
לואיזיאנה.txt	גל דה פז	נולדתי המזרח התיכון	LOC
קובי שלי.txt	גל דה פז	תל אביב	LOC
קובי שלי.txt	גל דה פז	אילת	LOC
תחתית הבקבוק.txt	גל דה פז	האדום אדום	LOC
תחתית הבקבוק.txt	גל דה פז	האדום אדום	LOC
מה זאת אהבה.txt	גל זוילי	בכלל	LOC
מה זאת אהבה.txt	גל זוילי	עקבה	LOC
הדרך עד אליה.txt	גל חייק	עד	LOC
הדרך עד אליה.txt	גל חייק	עד	LOC
דז'ה וו.txt	גל טמיר	הכפר	LOC
דז'ה וו.txt	גל טמיר	אשמורת	LOC
זה לא יגמר.txt	גל לב	אן	LOC
מסתובב סביב עצמי.txt	גל לב	באמת	LOC
מציאות מעייפת.txt	גל לב	לצערי	LOC
מציאות מעייפת.txt	גל לב	רוצה	LOC
נוסע לצפון.txt	גל מליקין	נאון	LOC
נוסע לצפון.txt	גל מליקין	כביש החוף	LOC
בכל אדם.txt	גל ניסמן	אדם	LOC
בכל אדם.txt	גל ניסמן	אדם	LOC
בכל אדם.txt	גל ניסמן	אדם	LOC
המציאות שבה חיים.txt	גל ניסמן	כיוון	LOC
המציאות שבה חיים.txt	גל ניסמן	כיוון	LOC
אין גבולות לאהבה.txt	גל סבן	קצת	LOC
חזור.txt	גל סינואני	ישראל	LOC
יגוני.txt	גל סינואני	אמי	LOC
יגוני.txt	גל סינואני	אמי	LOC
שדה של שושנים.txt	גל סינואני	חיים	LOC
מרחקים גדולים.txt	גלי מלמד	תל אביב	LOC
מרחקים גדולים.txt	גלי מלמד	עתק	LOC
מרחקים גדולים.txt	גלי מלמד	רומא	LOC
מרחקים גדולים.txt	גלי מלמד	פריז	LOC
אגדה.txt	גלי עטרי	שתי ערב תכלת	LOC
אולי זה ככה.txt	גלי עטרי	- קדימה	LOC
אחרי כל השנים.txt	גלי עטרי	ה	LOC
אחת כמו כולם.txt	גלי עטרי	ירדו הרחוב	LOC
אי שם.txt	גלי עטרי	הים התיכון	LOC
אי שם.txt	גלי עטרי	הים התיכון	LOC
אל תשכח.txt	גלי עטרי	לך	LOC
אל תשכח.txt	גלי עטרי	לך	LOC
אסמרלדה.txt	גלי עטרי	ה אסמרלדה	LOC
אסמרלדה.txt	גלי עטרי	רקדה רחובות פריז	LOC
אסמרלדה.txt	גלי עטרי	ה אסמרלדה	LOC
אסמרלדה.txt	גלי עטרי	רקדה רחובות פריז	LOC
אסמרלדה.txt	גלי עטרי	אסמרלדה	LOC
אסמרלדה.txt	גלי עטרי	ומלמל	LOC
אסמרלדה.txt	גלי עטרי	אסמרלדה	LOC
בוא נשכח ונסלח.txt	גלי עטרי	דלת	LOC
ביום שאחרי.txt	גלי עטרי	הרבה	LOC
בירקון בפינה.txt	גלי עטרי	רחובות תל אביב	LOC
בירקון בפינה.txt	גלי עטרי	ירקון	LOC
בירקון בפינה.txt	גלי עטרי	ירקון	LOC
בירקון בפינה.txt	גלי עטרי	רחובות תל אביב	LOC
בירקון בפינה.txt	גלי עטרי	ירקון	LOC
בעקבותיו.txt	גלי עטרי	כיוון	LOC
בראשית.txt	גלי עטרי	עזר	LOC
בראשית.txt	גלי עטרי	שטחים שיר	LOC
בראשית.txt	גלי עטרי	חיים פרץ	LOC
דואט פרידה.txt	גלי עטרי	אחת	LOC
דואט פרידה.txt	גלי עטרי	אלף	LOC
דרך ארוכה.txt	גלי עטרי	ה	LOC
דרך ארוכה.txt	גלי עטרי	אל	LOC
דרך ארוכה.txt	גלי עטרי	יחדיו	LOC
חבק אותי לאט.txt	גלי עטרי	אל	LOC
טירוף במה.txt	גלי עטרי	אן	LOC
כמו עשב בניסן.txt	גלי עטרי	הרצועה	LOC
כשאת לא לידי.txt	גלי עטרי	קדר	LOC
לו ידעת.txt	גלי עטרי	צמאונו	LOC
מה זה שווה.txt	גלי עטרי	רחובות	LOC
מה שיהיה.txt	גלי עטרי	משה	LOC
מי שצועק.txt	גלי עטרי	מחוז ו	LOC
מקדש האהבה.txt	גלי עטרי	אל	LOC
מקדש האהבה.txt	גלי עטרי	אל	LOC
מקיץ אל החלום.txt	גלי עטרי	ממול	LOC
נפאל.txt	גלי עטרי	נפאל	LOC
נפאל.txt	גלי עטרי	נפאל	LOC
נפאל.txt	גלי עטרי	נפאל	LOC
נפאל.txt	גלי עטרי	נפאל	LOC
נפאל.txt	גלי עטרי	נפאל	LOC
עוף מוזר.txt	גלי עטרי	בקעה	LOC
עץ הרימון.txt	גלי עטרי	יריחו	LOC
עץ הרימון.txt	גלי עטרי	עד הירדן	LOC
ערמונים מהאש.txt	גלי עטרי	כן	LOC
פרח משוגע.txt	גלי עטרי	מקוללה	LOC
ריו דה ז'נרו.txt	גלי עטרי	בריו	LOC
ריו דה ז'נרו.txt	גלי עטרי	בריו	LOC
רק היום.txt	גלי עטרי	הרחוב	LOC
רק היום.txt	גלי עטרי	אדום	LOC
רק שיר געגועים.txt	גלי עטרי	פריז	LOC
שיר תמים.txt	גלי עטרי	כרמים	LOC
שיר תמים.txt	גלי עטרי	עד אלול	LOC
שמש אדומה.txt	גלי עטרי	עם	LOC
שמש אדומה.txt	גלי עטרי	אדום	LOC
שמש אדומה.txt	גלי עטרי	עד	LOC
תל אביב בחורף.txt	גלי עטרי	תל אביב	LOC
תל אביב בחורף.txt	גלי עטרי	תל אביב	LOC
בובה בבועה.txt	גליה ירון	הילינג אירופה הודו תאילנד פיליפינים	LOC
החולשה החדשה.txt	גליה ירון	כן	LOC
לא עובר בדלת.txt	גליה ירון	שדה	LOC
שחור לבן.txt	גליה ירון	אחת	LOC
בת יחידה.txt	גליה ישי	גבעתיים גבעתיים	LOC
בת יחידה.txt	גליה ישי	רמת גן	LOC
בת יחידה.txt	גליה ישי	אל אבא	LOC
אי מייל לארצי.txt	גליה צור	שוב	LOC
אי מייל לארצי.txt	גליה צור	מיקלדת	LOC
אי מייל לארצי.txt	גליה צור	אור	LOC
הצעקה.txt	גליה צור	אדום	LOC
הצעקה.txt	גליה צור	ת'גשר	LOC
הצעקה.txt	גליה צור	אדום	LOC
הצעקה.txt	גליה צור	אדום	LOC
הקשב לגשם השוטף.txt	גליה צור	מלמעלה	LOC
הקשב לגשם השוטף.txt	גליה צור	מלמעלה	LOC
אל תשליכני לעת זיקנה.txt	גליקריה	אל	LOC
אצלנו בכפר טודרא.txt	גליקריה	אצלנו כפר טודרא	LOC
אצלנו בכפר טודרא.txt	גליקריה	אצלנו כפר טודרא	LOC
אצלנו בכפר טודרא.txt	גליקריה	אצלנו כפר טודרא	LOC
אצלנו בכפר טודרא.txt	גליקריה	אצלנו כפר טודרא	LOC
אצלנו בכפר טודרא.txt	גליקריה	מא	LOC
אצלנו בכפר טודרא.txt	גליקריה	אצלנו כפר טודרא	LOC
בדד.txt	גליקריה	שכם	LOC
חלון לים התיכון.txt	גליקריה	הגעתי יפו	LOC
שבחי ירושלים.txt	גליקריה	ירושלים	LOC
ולהיפך.txt	גלית אטלס	בוהה הרחוב	LOC
אל תלך לי לאיבוד.txt	גלית בל	מחר	LOC
מה חשוב היום.txt	גלית גיאת	קדימה	LOC
תרקוד איתי.txt	גלית גיאת	לתקתק	LOC
העולם הוא כמו תפוח.txt	גלית דהן	עדן	LOC
תן.txt	גלית מיכאל	אפשר	LOC
לטעום את החיים.txt	גלית פינטו	קדימה	LOC
בגן המתרחש.txt	גלית פלורנץ	חלב	LOC
עד האור הבא.txt	גלעד אליהו	ירושלים	LOC
עד האור הבא.txt	גלעד אליהו	כיוון	LOC
בלילה בא המבשר.txt	גלעד הישג	ִי	LOC
זמר נוגה.txt	גלעד הישג	לָעַד	LOC
חלום בלהות.txt	גלעד הישג	ְ ָדָל	LOC
חלום בלהות.txt	גלעד הישג	ֵעָל	LOC
כוחי הולך ודל.txt	גלעד הישג	אֵלַי	LOC
כוחי הולך ודל.txt	גלעד הישג	יָמַי	LOC
כוחי הולך ודל.txt	גלעד הישג	אֵלַי	LOC
כוחי הולך ודל.txt	גלעד הישג	רָחוֹק	LOC
לא פעם בקיץ.txt	גלעד הישג	ּו	LOC
לא פעם בקיץ.txt	גלעד הישג	""""	LOC
לא פעם בקיץ.txt	גלעד הישג	הַיוֹם	LOC
לא פעם בקיץ.txt	גלעד הישג	ּו	LOC
עבריה.txt	גלעד הישג	ִּשְׁחוֹר	LOC
עבריה.txt	גלעד הישג	עָלְתָה	LOC
עבריה.txt	גלעד הישג	וּבִנְהוֹר	LOC
עבריה.txt	גלעד הישג	תֹּם	LOC
עקרה.txt	גלעד הישג	נְהָרָה	LOC
רק על עצמי.txt	גלעד הישג	אל	LOC
הוא מחכה לה.txt	גלעד ויטל	שבעים	LOC
חלום של גבר.txt	גלעד ויטל	אולי	LOC
חלום של גבר.txt	גלעד ויטל	סיני	LOC
חלום של גבר.txt	גלעד ויטל	אולי	LOC
חלום של גבר.txt	גלעד ויטל	Fresh	LOC
חלום של גבר.txt	גלעד ויטל	אותי...	LOC
חלום של גבר.txt	גלעד ויטל	אולי	LOC
מסתחרר.txt	גלעד ויטל	יסמין	LOC
מסתחרר.txt	גלעד ויטל	סתיו	LOC
פדיחה מכוכב אחר.txt	גלעד ויטל	האדום	LOC
תקוה.txt	גלעד ויטל	מצדה	LOC
זבובה בהריון התאבדה לי.txt	גלעד כהנא	הנגב	LOC
זבובה בהריון התאבדה לי.txt	גלעד כהנא	הנגב	LOC
מאה ימים של חסד.txt	גלעד כהנא	אתמול	LOC
מאה ימים של חסד.txt	גלעד כהנא	אתמול	LOC
מאה ימים של חסד.txt	גלעד כהנא	אתמול	LOC
מאה ימים של חסד.txt	גלעד כהנא	אתמול	LOC
מאה ימים של חסד.txt	גלעד כהנא	אתמול	LOC
נס.txt	גלעד כהנא	בסדר	LOC
על מה הוא מדבר.txt	גלעד כהנא	לכאן?..	LOC
על מה הוא מדבר.txt	גלעד כהנא	לכאן?..	LOC
פרידה מחלק א'.txt	גלעד כהנא	חמש	LOC
שנה ושלוש.txt	גלעד כהנא	חרמון	LOC
שנה ושלוש.txt	גלעד כהנא	כפר סבא	LOC
שנה ושלוש.txt	גלעד כהנא	תקווה	LOC
שנה ושלוש.txt	גלעד כהנא	כפר סבא	LOC
שנה ושלוש.txt	גלעד כהנא	החרמון	LOC
שנה ושלוש.txt	גלעד כהנא	כפר סבא	LOC
שיר הטרקטור.txt	גלעד פרי	אדום	LOC
אם תראי.txt	גלעד שגב	מגדל	LOC
אף אחד.txt	גלעד שגב	לאט	LOC
אף אחד.txt	גלעד שגב	לאט	LOC
בצד הכביש.txt	גלעד שגב	הכביש הפרחים	LOC
הבזק.txt	גלעד שגב	הרחוב	LOC
הדמעות שלך.txt	גלעד שגב	מבפנים	LOC
הדמעות שלך.txt	גלעד שגב	מבפנים	LOC
הפחדים.txt	גלעד שגב	תפחד הכביש	LOC
הפחדים.txt	גלעד שגב	אדום	LOC
כל העולם.txt	גלעד שגב	ברזיל	LOC
כל העולם.txt	גלעד שגב	פספורט	LOC
כל העולם.txt	גלעד שגב	ניו יורק	LOC
כל העולם.txt	גלעד שגב	פאריז	LOC
כל העולם.txt	גלעד שגב	בנגקוק	LOC
כל העולם.txt	גלעד שגב	אנג'י	LOC
נופלים לתוך טבעת.txt	גלעד שגב	שמע גליה	LOC
נופלים לתוך טבעת.txt	גלעד שגב	שרון	LOC
סופי.txt	גלעד שגב	הרחוב	LOC
סופי.txt	גלעד שגב	בלי	LOC
עכשיו טוב.txt	גלעד שגב	כן...	LOC
רוצה להיות לבד.txt	גלעד שגב	הארץ	LOC
אגדת שינה.txt	גמאגמא	אדום	LOC
אגדת שינה.txt	גמאגמא	חלב	LOC
אבא שלי.txt	גמדי הלילה	אחד	LOC
אבא שלי.txt	גמדי הלילה	אבא	LOC
אבא שלי.txt	גמדי הלילה	אבא	LOC
מוני גמדוני.txt	גמדי הלילה	יאבאדאבאדובי	LOC
גלוית שנה טובה משוש המתאבדת.txt	גני תמיר	רחוב הירקון	LOC
לא מפסיק לרקוד.txt	גסטהאוס	ויניל	LOC
עולם מוזר.txt	גסטהאוס	גואטמאלה	LOC
עולם מוזר.txt	גסטהאוס	הודו	LOC
עולם מוזר.txt	גסטהאוס	איטליה	LOC
עולם מוזר.txt	גסטהאוס	סין	LOC
עולם מוזר.txt	גסטהאוס	עזה	LOC
עולם מוזר.txt	גסטהאוס	פולין	LOC
עולם מוזר.txt	גסטהאוס	אמריקה	LOC
עולם מוזר.txt	גסטהאוס	נפאל מגדלים	LOC
עולם מוזר.txt	גסטהאוס	סדום	LOC
עולם מוזר.txt	גסטהאוס	שבדיה	LOC
עולם מוזר.txt	גסטהאוס	קוף יפאן	LOC
עולם מוזר.txt	גסטהאוס	ארגנטינה	LOC
עולם מוזר.txt	גסטהאוס	, בריו	LOC
עולם מוזר.txt	גסטהאוס	ספרד	LOC
עולם מוזר.txt	גסטהאוס	טורקיה	LOC
עולם מוזר.txt	גסטהאוס	איראן	LOC
עולם מוזר.txt	גסטהאוס	ישראל	LOC
גרוב כנעני.txt	גרוב כנעני	הים בחולות...	LOC
אני הולך לבית שאן.txt	גרי אקשטיין	הבית אן	LOC
אני הולך לבית שאן.txt	גרי אקשטיין	הבית אן	LOC
את אדמה.txt	גרי אקשטיין	הנגב	LOC
בוגי איתי הלילה.txt	גרי אקשטיין	צופים	LOC
בוקר טוב ותודה רבה.txt	גרי אקשטיין	המטמון	LOC
בפאת הכפר.txt	גרי אקשטיין	ציל	LOC
הלילה הולך בשדרות.txt	גרי אקשטיין	אשכול	LOC
הלילה השניים עשר.txt	גרי אקשטיין	אזניי	LOC
הלילה השניים עשר.txt	גרי אקשטיין	אזניי	LOC
הסלע האדום.txt	גרי אקשטיין	האדום	LOC
הסלע האדום.txt	גרי אקשטיין	אדום	LOC
הסלע האדום.txt	גרי אקשטיין	האדום	LOC
הסלע האדום.txt	גרי אקשטיין	האדום	LOC
הסלע האדום.txt	גרי אקשטיין	האדום	LOC
הסלע האדום.txt	גרי אקשטיין	האדום	LOC
הסלע האדום.txt	גרי אקשטיין	האדום	LOC
הסלע האדום.txt	גרי אקשטיין	: הסלע האדום	LOC
הקטר.txt	גרי אקשטיין	באר שבע	LOC
הקטר.txt	גרי אקשטיין	הגלגל	LOC
הקטר.txt	גרי אקשטיין	הגלגל	LOC
זריחה.txt	גרי אקשטיין	הר	LOC
חורשת האקליפטוס.txt	גרי אקשטיין	בינתיים	LOC
חורשת האקליפטוס.txt	גרי אקשטיין	ירדן	LOC
חורשת האקליפטוס.txt	גרי אקשטיין	ירדן	LOC
כולנו מלאכים.txt	גרי אקשטיין	אבָל	LOC
כיבוי אורות.txt	גרי אקשטיין	בילו	LOC
כיבוי אורות.txt	גרי אקשטיין	אל	LOC
לגופו של ענין.txt	גרי אקשטיין	מסביב	LOC
ליפא העגלון.txt	גרי אקשטיין	חרמון	LOC
מוכרחים להיות שמח.txt	גרי אקשטיין	הכביש סביון	LOC
מעברים.txt	גרי אקשטיין	שבת	LOC
סוזי.txt	גרי אקשטיין	הים סוזי	LOC
עין גדי.txt	גרי אקשטיין	יופע	LOC
עין גדי.txt	גרי אקשטיין	ערוגות	LOC
על גבעות שיך אברק.txt	גרי אקשטיין	י יהוד	LOC
ערב במסחה.txt	גרי אקשטיין	הרחוב במסחה	LOC
ערב במסחה.txt	גרי אקשטיין	הרחוב במסחה	LOC
ערב במסחה.txt	גרי אקשטיין	הניה	LOC
ערב במסחה.txt	גרי אקשטיין	הרחוב במסחה יא	LOC
ערב במסחה.txt	גרי אקשטיין	הרחוב במסחה יא	LOC
ערב במסחה.txt	גרי אקשטיין	הרחוב במסחה	LOC
פראג.txt	גרי אקשטיין	אדום	LOC
פראג.txt	גרי אקשטיין	פראג	LOC
פראג.txt	גרי אקשטיין	פראג	LOC
פראג.txt	גרי אקשטיין	פראג	LOC
צליל זוגים.txt	גרי אקשטיין	הכפר עלמה	LOC
רוח סתיו.txt	גרי אקשטיין	קרים	LOC
שלכת.txt	גרי אקשטיין	בדד	LOC
תזמורת של ראשון לציון.txt	גרי אקשטיין	זיילר עם מיתר	LOC
תזמורת של ראשון לציון.txt	גרי אקשטיין	אורכסטרה	LOC
תזמורת של ראשון לציון.txt	גרי אקשטיין	ציון מארש	LOC
תזמורת של ראשון לציון.txt	גרי אקשטיין	נס ציונה	LOC
תזמורת של ראשון לציון.txt	גרי אקשטיין	פתח תקווה	LOC
